Mutant,Mutations,Volume /?3,Hydrophobicity index,Kyte-Doolittle Hydropathy scale,Isoelectric point,Hydrogen bond elements,Pi-property,Distance to S202,E
WT,WT,0,0,0,0,0,0,0,4.1
82H6,Asn,-28,-127,8,-0.61,2,0,15.1,5
82H5,Val,-25,-23,0.3,-0.06,0,0,15.3,3.8
82H4,Thr,-31,-86,5.2,-0.42,1,0,15.3,4.8
82H1,Met,0,-25,2.6,-0.28,1,0,15.1,7
82G8,Val,-25,-23,0.3,-0.06,0,0,15.3,3.8
82G6,Asn,-28,-127,8,-0.61,2,0,15.1,4.9
82G4,Val,-25,-23,0.3,-0.06,0,0,15.1,4.8
82G3,Asn,-28,-127,8,-0.61,2,0,15.1,4.6
82G2,Met,0,-25,2.6,-0.28,1,0,15.3,6.8
82G1,Met,0,-25,2.6,-0.28,1,0,15.1,7.5
82F7,Met,0,-25,2.6,-0.28,1,0,15.3,6.3
82F6,Leu,0,1,0.7,-0.04,0,0,15.1,5.1
82F3,Val,-25,-23,0.3,-0.06,0,0,15.1,5.4
82F11,Val,-25,-23,0.3,-0.06,0,0,15.3,3.8
82D5,Leu,0,1,0.7,-0.04,0,0,15.1,5.6
82D4,Asn,-28,-127,8,-0.61,2,0,15.3,4.1
82D3,Glu,-15,-91,8,-2.8,2,0,15.3,4.6
82D1,Phe,11,-2,1.7,-0.54,0,3,15.1,6.5
82C8,Leu,0,1,0.7,-0.04,0,0,15.1,5.5
82C7,Val,-25,-23,0.3,-0.06,0,0,15.3,4
82C6,Tyr,17,-50,5.8,-0.36,1,3,15.1,3.4
82C5,Val,-25,-23,0.3,-0.06,0,0,15.3,3.9
82C4,Leu,0,1,0.7,-0.04,0,0,15.3,4.9
82C3,Phe,11,-2,1.7,-0.54,0,3,15.3,5.1
82C2,Asn,-28,-127,8,-0.61,2,0,15.1,4.2
82C11,Asn,-28,-127,8,-0.61,2,0,15.1,4.8
82B3,Ala,-57,-58,2.7,-0.02,0,0,15.1,5.1
82B2,Ala,-57,-58,2.7,-0.02,0,0,15.1,5.3
82B1,Met,0,-25,2.6,-0.28,1,0,15.1,7.7
82A9,Tyr,17,-50,5.8,-0.36,1,3,15.1,3.4
82A8,Asn,-28,-127,8,-0.61,2,0,15.3,4
82A6,Asn,-28,-127,8,-0.61,2,0,15.1,4.9
82A5,Met,0,-25,2.6,-0.28,1,0,15.1,7.3
82A4,Ala,-57,-58,2.7,-0.02,0,0,15.1,5.2
82A2,Val,-25,-23,0.3,-0.06,0,0,15.1,5.1
82A1,Ser,-51,-104,5.3,-0.34,1,0,15.3,4.6
79A3,Ala,-24,55,-5.3,3.23,-2,0,15.3,3.8
78H9,Leu,-11,3,-1,0.5,0,-3,13,4.5
78H7,Val,-36,-21,-1.4,0.48,0,-3,13,3.6
78H5,Val,-36,-21,-1.4,0.48,0,-3,13,3.6
78H4,Val,-36,-21,-1.4,0.48,0,-3,13,3.1
78H3,Val,-36,-21,-1.4,0.48,0,-3,13,3.1
78H2,Leu,-11,3,-1,0.5,0,-3,13,4.1
78H10,Ile,-11,2,-1.7,0.54,0,-3,13,4
78H10,Leu,-11,2,-1.7,0.54,0,-3,13,4
78G9,Val,-36,-21,-1.4,0.48,0,-3,13,3.1
78G8,Trp,-36,-21,-1.4,0.48,0,-3,13,3.8
78G10,Tyr,6,-48,4.1,0.18,1,0,13,3.7
78F9,Trp,28,0,3.7,0.41,1,1,13,4.2
78F8,Leu,-11,3,-1,0.5,0,-3,13,4.4
78F7,Glu,-26,-89,6.3,-2.26,2,-3,13,4.1
78F3,Val,-36,-21,-1.4,0.48,0,-3,13,3.5
78F2,Leu,-11,3,-1,0.5,0,-3,13,4.1
78F12,Tyr,6,-48,4.1,0.18,1,0,13,4
78F11,Tyr,6,-48,4.1,0.18,1,0,13,3.7
78F10,Leu,-11,3,-1,0.5,0,-3,13,4.5
78F1,Val,-26,-89,6.3,-2.26,2,-3,13,4
78D6,Val,-36,-21,-1.4,0.48,0,-3,13,3.1
78D2,Trp,28,0,3.7,0.41,1,1,13,4.2
78D12,Trp,28,0,3.7,0.41,1,1,13,4.1
78D10,Trp,28,0,3.7,0.41,1,1,13,3.8
78C8,Trp,28,0,3.7,0.41,1,1,13,4.2
78C7,Trp,28,0,3.7,0.41,1,1,13,3.8
78C5,Tyr,6,-48,4.1,0.18,1,0,13,3.7
78C12,Val,-36,-21,-1.4,0.48,0,-3,13,3.5
78B7,Trp,28,0,3.7,0.41,1,1,13,3.7
78B6,Trp,28,0,3.7,0.41,1,1,13,3.6
78B5,Leu,-11,3,-1,0.5,0,-3,13,4.2
78B3,Val,-36,-21,-1.4,0.48,0,-3,13,3.5
78B2,Trp,28,0,3.7,0.41,1,1,13,4.4
78B12,Glu,-26,-89,6.3,-2.26,2,-3,13,4
78B11,Val,-36,-21,-1.4,0.48,0,-3,13,3.2
78B1,Trp,28,0,3.7,0.41,1,1,13,4.2
78A6,Trp,28,0,3.7,0.41,1,1,13,4.3
78A4,Leu,-11,3,-1,0.5,0,-3,13,3.7
78A2,Val,-36,-21,-1.4,0.48,0,-3,13,3.8
78A12,Val,-36,-21,-1.4,0.48,0,-3,13,3.4
78A10,Ile,-11,2,-1.7,0.54,0,-3,13,3.6
66H8,Gly,-87,-97,3.2,0.58,0,-3,11.1,4.3
66H7,Trp,28,0,3.7,0.41,1,1,11.1,5.3
66H5,Tyr,6,-48,4.1,0.18,1,0,11.1,4
66H2,Ala,-68,-56,1,0.52,0,-3,11.1,4.5
66G8,Trp,28,0,3.7,0.41,1,1,11.1,5.3
66G5,Asn,-39,-125,6.3,-0.07,2,-3,11.1,3.5
66F9,Ile,-11,2,-1.7,0.54,0,-3,11.1,3.6
66F8,Gly,-87,-97,3.2,0.58,0,-3,11.1,4.3
66F4,Tyr,6,-48,4.1,0.18,1,0,11.1,3.5
66F12,Tyr,6,-48,4.1,0.18,1,0,11.1,3.6
66F11,Trp,28,0,3.7,0.41,1,1,11.1,5
66F10,Trp,28,0,3.7,0.41,1,1,11.1,5.4
66D12,Met,-11,-23,0.9,0.26,1,-3,11.1,5.2
66D10,Tyr,6,-48,4.1,0.18,1,0,11.1,4
66C7,Trp,28,0,3.7,0.41,1,1,11.1,5.1
66C2,Tyr,6,-48,4.1,0.18,1,0,11.1,3.6
66C12,Arg,13,-152,7.3,5.28,3,-1.5,11.1,3.3
66C10,Asn,-39,-125,6.3,-0.07,2,-3,11.1,3.7
66B9,Tyr,6,-48,4.1,0.18,1,0,11.1,4
66B3,Ile,-11,2,-1.7,0.54,0,-3,11.1,3.6
66B2,Ser,-62,-102,3.6,0.2,1,-3,11.1,3.8
66B12,Gly,-87,-97,3.2,0.58,0,-3,11.1,4.3
66A9,Ser,-62,-102,3.6,0.2,1,-3,11.1,3.6
66A3,Lys,0,-120,6.7,4.12,1,-3,11.1,4.6
66A2,Lys,0,-120,6.7,4.12,1,-3,11.1,4.6
66A11,Trp,28,0,3.7,0.41,1,1,11.1,5.1
66A10,Arg,13,-152,7.3,5.28,3,-1.5,11.1,3.3
329H8,Phe,39,125,-6.3,0.07,-2,3,11,2.2
329H6,Thr,-3,41,-2.8,0.19,-1,0,11,3.6
329H5,His,22,-3,-0.3,2.18,0,2,11,3.8
329H3,Phe,39,125,-6.3,0.07,-2,3,11,2.2
329H2,Met,28,102,-5.4,0.33,-1,0,11,2.8
329H10,Ala,-29,69,-5.3,0.59,-2,0,11,3.8
329G9,Arg,52,-27,1,5.35,1,1.5,11,3.3
329G8,Met,28,102,-5.4,0.33,-1,0,11,2.7
329G7,Lys,39,5,0.4,4.19,-1,0,11,2.4
329G5,His,22,-3,-0.3,2.18,0,2,11,3
329G11,Arg,52,-27,1,5.35,1,1.5,11,3.2
329F9,Arg,52,-27,1,5.35,1,1.5,11,3.5
329F7,Thr,-3,41,-2.8,0.19,-1,0,11,3.4
329F4,Lys,39,5,0.4,4.19,-1,0,11,2
329F2,Lys,39,5,0.4,4.19,-1,0,11,2.2
329F12,Ala,-29,69,-5.3,0.59,-2,0,11,3.8
329F11,Met,28,102,-5.4,0.33,-1,0,11,2.3
329D8,Ile,28,127,-8,0.61,-2,0,11,3.4
329D3,Leu,28,128,-7.3,0.57,-2,0,11,3.6
329D10,Gln,18,18,0,0.24,0,0,11,3.3
329D10,Phe,39,125,-6.3,0.07,-2,3,11,2.8
329C4,Thr,-3,41,-2.8,0.19,-1,0,11,3.4
329C3,Thr,-3,41,-2.8,0.19,-1,0,11,3.4
329C10,Arg,52,-27,1,5.35,1,1.5,11,3.5
329C1,Gln,18,18,0,0.24,0,0,11,3.6
329B9,Met,28,102,-5.4,0.33,-1,0,11,2.6
329B4,Gln,18,18,0,0.24,0,0,11,3.2
329B11,Arg,52,-27,1,5.35,1,1.5,11,3.2
329B1,Thr,-3,41,-2.8,0.19,-1,0,11,2.9
329A9,Leu,28,128,-7.3,0.57,-2,0,11,3.7
329A6,Tyr,45,77,-2.2,0.25,-1,3,11,3.6
329A2,Thr,-3,41,-2.8,0.19,-1,0,11,3.9
328H8,Gly,-51,-76,4.6,0.1,0,0,10.9,5.7
328H4,Phe,36,21,1.4,-0.48,0,3,10.9,6.4
328F7,Phe,36,21,1.4,-0.48,0,3,10.9,6.2
328F5,Phe,36,21,1.4,-0.48,0,3,10.9,5.8
328F3,Ala,-32,-35,2.4,0.04,0,0,10.9,5.3
328D8,Ala,-32,-35,2.4,0.04,0,0,10.9,4.9
328D6,Cys,-13,-13,1.7,-0.89,1,0,10.9,4.8
328D3,Gly,-51,-76,4.6,0.1,0,0,10.9,6.2
328D11,Ala,-32,-35,2.4,0.04,0,0,10.9,5
328D1,Gly,-51,-76,4.6,0.1,0,0,10.9,6
328C8,Ala,-32,-35,2.4,0.04,0,0,10.9,5
328C6,Leu,25,24,0.4,0.02,0,0,10.9,4.2
328C11,Leu,25,24,0.4,0.02,0,0,10.9,4.3
328B9,Leu,25,24,0.4,0.02,0,0,10.9,4.3
328B6,Leu,25,24,0.4,0.02,0,0,10.9,4.5
328A3,Leu,25,24,0.4,0.02,0,0,10.9,4.1
326H4,Ala,19,41,-2.2,-0.06,0,0,6.9,5.6
326G2,Ala,19,41,-2.2,-0.06,0,0,6.9,5.7
297H9,Leu,0,1,0.7,-0.04,0,0,8.4,4.8
297H8,Val,-25,-23,0.3,-0.06,0,0,8.4,4.7
297H6,His,-6,-131,7,1.61,2,2,8.4,4.3
297H4,Leu,0,1,0.7,-0.04,0,0,8.4,4.6
297H3,Ile,0,-1,-0.7,0.04,0,0,8.4,8.6
297H12,Gly,-76,-100,4.2,0.08,0,0,8.4,4.3
297H11,Leu,0,1,0.7,-0.04,0,0,8.4,4.6
297H11,Phe,11,-2,1.7,-0.54,0,3,8.4,3.7
297G9,Ile,0,-1,-0.7,0.04,0,0,8.4,8.4
297G7,Val,-25,-23,0.3,-0.06,0,0,8.4,4.2
297G6,Phe,11,-2,1.7,-0.54,0,3,8.4,3.5
297G5,Leu,0,1,0.7,-0.04,0,0,8.4,4.5
297G4,Phe,11,-2,1.7,-0.54,0,3,8.4,3.3
297G2,Leu,0,1,0.7,-0.04,0,0,8.4,4.8
297G11,Val,-25,-23,0.3,-0.06,0,0,8.4,4
297G1,Phe,11,-3,1,-0.5,0,3,8.4,0.8
297F9,Met,0,-25,2.6,-0.28,1,0,8.4,3.3
297F8,Phe,11,-2,1.7,-0.54,0,3,8.4,3.5
297F6,His,-6,-131,7,1.61,2,2,8.4,3.9
297F5,Val,-25,-23,0.3,-0.06,0,0,8.4,4.6
297F3,Asn,-28,-128,7.3,-0.57,2,0,8.4,3.5
297F2,Met,0,-25,2.6,-0.28,1,0,8.4,3.4
297F12,Tyr,17,-51,5.1,-0.32,1,3,8.4,2.4
297F11,Val,-25,-23,0.3,-0.06,0,0,8.4,4.1
297D9,Arg,24,-155,8.3,4.78,3,1.5,8.4,3.4
297D9,Tyr,17,-50,5.8,-0.36,1,3,8.4,1.3
297D7,Ala,-57,-58,2.7,-0.02,0,0,8.4,5.3
297D6,Met,0,-26,1.9,-0.24,1,0,8.4,3.7
297D5,Leu,0,1,0.7,-0.04,0,0,8.4,4.1
297D4,Val,-25,-24,-0.4,-0.02,0,0,8.4,7
297D3,Val,-25,-24,-0.4,-0.02,0,0,8.4,7.4
297D2,Arg,24,-155,8.3,4.78,3,1.5,8.4,3.1
297D12,Met,0,-25,2.6,-0.28,1,0,8.4,3.3
297D11,Met,0,-25,2.6,-0.28,1,0,8.4,3.3
297D1,Pro,-34,-131,6.1,0.28,0,0,8.4,3.4
297C9,Val,-25,-23,0.3,-0.06,0,0,8.4,4.4
297C8,Lys,11,-123,7.7,3.62,1,0,8.4,2.7
297C7,Gly,-76,-100,4.2,0.08,0,0,8.4,4.8
297C5,Leu,0,1,0.7,-0.04,0,0,8.4,4.1
297C3,Ser,-51,-105,4.6,-0.3,1,0,8.4,4.9
297C11,Cys,-38,-37,1.3,-0.91,1,0,8.4,3.8
297C1,Tyr,17,-50,5.8,-0.36,1,3,8.4,1.1
297B9,Val,-25,-23,0.3,-0.06,0,0,8.4,3.7
297B8,Ser,-51,-105,4.6,-0.3,1,0,8.4,4.6
297B6,Phe,11,-2,1.7,-0.54,0,3,8.4,3.5
297B4,Val,-25,-23,0.3,-0.06,0,0,8.4,4.7
297B2,Ala,-57,-59,2,0.02,0,0,8.4,4.5
297B10,Lys,11,-123,7.7,3.62,1,0,8.4,2.3
297A7,Ala,-57,-59,2,0.02,0,0,8.4,4.6
297A5,Val,-25,-23,0.3,-0.06,0,0,8.4,4
297A3,Pro,-34,-131,6.1,0.28,0,0,8.4,3.6
297A11,Ser,-51,-104,5.3,-0.34,1,0,8.4,4.4
297A1,Leu,0,1,0.7,-0.04,0,0,8.4,4.8
296H6,Val,-25,-23,0.3,-0.06,0,0,10.3,3.9
296H2,Thr,-31,-87,4.5,-0.38,1,0,10.3,4.5
296H10,Thr,-31,-87,4.5,-0.38,1,0,10.3,3.9
296H1,Val,-25,-23,0.3,-0.06,0,0,10.3,4.4
296G6,Val,-25,-23,0.3,-0.06,0,0,10.3,4.4
296G4,Val,-25,-23,0.3,-0.06,0,0,10.3,4.5
296G10,Val,-25,-23,0.3,-0.06,0,0,10.3,4
296F8,Ser,-51,-105,4.6,-0.3,1,0,10.3,5.3
296F4,Leu,0,1,0.7,-0.04,0,0,10.3,4.2
296F1,Ala,-57,-59,2,0.02,0,0,10.3,4.5
296D3,Met,0,-25,2.6,-0.28,1,0,10.3,5.6
296D10,Ser,-51,-105,4.6,-0.3,1,0,10.3,4.3
296D1,Leu,0,1,0.7,-0.04,0,0,10.3,4.6
296C9,Ile,0,-1,-0.7,0.04,0,0,10.3,4
296C8,Pro,-34,-132,5.4,0.32,0,0,10.3,5.3
296C7,Met,0,-26,1.9,-0.24,1,0,10.3,4.6
296C1,Pro,-34,-132,5.4,0.32,0,0,10.3,5.2
296B9,Leu,0,1,0.7,-0.04,0,0,10.3,4.2
296B1,Val,-25,-23,0.3,-0.06,0,0,10.3,4
296A9,Ala,-57,-59,2,0.02,0,0,10.3,4.9
296A5,Val,-25,-24,-0.4,-0.02,0,0,10.3,1.8
296A3,Val,-25,-24,-0.4,-0.02,0,0,10.3,1.8
296A11,Val,-25,-24,-0.4,-0.02,0,0,10.3,1.8
296A10,Gln,-10,-110,7.3,-0.33,2,0,10.3,4
258H8,Met,31,61,-2.6,0.14,0,0,11.8,2.9
258H5,Met,31,61,-2.6,0.14,0,0,11.8,2.6
258H3,Lys,42,-36,3.2,4,0,0,11.8,2.9
258H12,Arg,55,-68,3.8,5.16,2,1.5,11.8,2.2
258H11,Val,6,63,-4.9,0.36,-1,0,11.8,2.4
258H10,Phe,42,84,-3.5,-0.12,-1,3,11.8,2.9
258G9,His,25,-44,2.5,1.99,1,2,11.8,3.9
258G8,Gln,21,-23,2.8,0.05,1,0,11.8,2.5
258G8,Lys,42,-36,3.2,4,0,0,11.8,2.5
258G7,Val,6,63,-4.9,0.36,-1,0,11.8,2.5
258G5,Arg,55,-68,3.8,5.16,2,1.5,11.8,2.4
258G3,Ala,-26,28,-2.5,0.4,-1,0,11.8,2.4
258G12,Lys,42,-36,3.2,4,0,0,11.8,2.2
258G11,Ile,31,86,-5.2,0.42,-1,0,11.8,2.6
258G11,Arg,55,-68,3.8,5.16,2,1.5,11.8,2.4
258G10,Lys,42,-36,3.2,4,0,0,11.8,2.8
258G1,Arg,55,-68,3.8,5.16,2,1.5,11.8,2
258F8,Met,31,61,-2.6,0.14,0,0,11.8,2.7
258F6,Met,31,87,-4.5,0.38,-1,0,11.8,3
258F4,Met,31,61,-2.6,0.14,0,0,11.8,2.6
258F2,Ile,31,86,-5.2,0.42,-1,0,11.8,2.5
258F11,His,25,-44,2.5,1.99,1,2,11.8,3.8
258F10,Ala,-26,28,-2.5,0.4,-1,0,11.8,2.7
258F1,Gly,-45,-13,-0.3,0.46,-1,0,11.8,3.9
258D9,Val,6,63,-4.9,0.36,-1,0,11.8,2.8
258D5,Val,6,63,-4.9,0.36,-1,0,11.8,2.9
258D3,Val,6,63,-4.9,0.36,-1,0,11.8,2.3
258D10,Ile,31,86,-5.2,0.42,-1,0,11.8,2.6
258D10,Lys,42,-36,3.2,4,0,0,11.8,2.4
258C9,Gln,21,-23,2.8,0.05,1,0,11.8,2.8
258C8,Trp,70,84,0.2,0.29,0,4,11.8,2.4
258C7,Met,31,61,-2.6,0.14,0,0,11.8,2.9
258C6,Glu,16,-5,2.8,-2.38,1,0,11.8,3.2
258C2,Ile,31,86,-5.2,0.42,-1,0,11.8,2.7
258C11,His,25,-44,2.5,1.99,1,2,11.8,4.1
258C10,Lys,42,-36,3.2,4,0,0,11.8,2.6
258B9,Trp,70,84,0.2,0.29,0,4,11.8,2.4
258B7,Trp,70,84,0.2,0.29,0,4,11.8,2.6
258B6,Glu,16,-5,2.8,-2.38,1,0,11.8,3.6
258B5,Glu,16,-5,2.8,-2.38,1,0,11.8,3.6
258B4,Asn,3,-41,2.8,-0.19,1,0,11.8,3.3
258B11,Lys,42,-36,3.2,4,0,0,11.8,2.8
258B10,Asn,3,-41,2.8,-0.19,1,0,11.8,3.7
258A9,Asn,3,-41,2.8,-0.19,1,0,11.8,3.6
258A6,Ile,31,86,-5.2,0.42,-1,0,11.8,2.8
258A5,Phe,42,84,-3.5,-0.12,-1,3,11.8,2.7
258A4,Arg,55,-68,3.8,5.16,2,1.5,11.8,2.1
258A3,Val,6,63,-4.9,0.36,-1,0,11.8,2.9
258A3,Met,31,61,-2.6,0.14,0,0,11.8,2.9
258A2,Lys,42,-36,3.2,4,0,0,11.8,2.9
258A12,Gly,-45,-13,-0.3,0.46,-1,0,11.8,4
258A11,Ala,-26,28,-2.5,0.4,-1,0,11.8,2.4
258A10,Gly,-45,-13,-0.3,0.46,-1,0,11.8,3.6
257H9,Met,25,-2,2.3,-0.22,1,0,9.8,9.8
257G3,Met,25,-2,2.3,-0.22,1,0,9.8,9.9
257G12,Met,25,-2,2.3,-0.22,1,0,9.8,9.5
257B7,Phe,36,21,1.4,-0.48,0,3,9.8,2.3
257B3,Phe,36,21,1.4,-0.48,0,3,9.8,2.2
257A3,Phe,36,21,1.4,-0.48,0,3,9.8,2.2
256H8,Val,-49,131,-8.7,-4.8,-3,-1.5,13.7,3.6
256H7,Asn,-52,27,-1,-5.35,-1,-1.5,13.7,3.9
256H5,Trp,15,152,-3.6,-4.87,-2,2.5,13.7,4.7
256H4,Ala,-81,96,-6.3,-4.76,-3,-1.5,13.7,4.9
256H11,Trp,15,152,-3.6,-4.87,-2,2.5,13.7,4.7
256H1,Thr,-55,68,-3.8,-5.16,-2,-1.5,13.7,4
256G9,Ala,-81,96,-6.3,-4.76,-3,-1.5,13.7,5
256G8,Ala,-81,96,-6.3,-4.76,-3,-1.5,13.7,4.8
256G7,Trp,15,152,-3.6,-4.87,-2,2.5,13.7,4.9
256G6,Glu,-39,63,-1,-7.54,-1,-1.5,13.7,3.1
256G5,Glu,-39,63,-1,-7.54,-1,-1.5,13.7,3.7
256G4,Glu,-39,63,-1,-7.54,-1,-1.5,13.7,3.7
256G12,Ser,-75,50,-3.7,-5.08,-2,-1.5,13.7,4.6
256G12,Ile,-24,154,-9,-4.74,-3,-1.5,13.7,4.5
256G12,His,-30,24,-1.3,-3.17,-1,0.5,13.7,4.5
256F9,Phe,-13,152,-7.3,-5.28,-3,1.5,13.7,3.8
256F6,Gln,-34,45,-1,-5.11,-1,-1.5,13.7,4
256F5,Thr,-55,68,-3.8,-5.16,-2,-1.5,13.7,3.9
256F2,Val,-49,131,-8.7,-4.8,-3,-1.5,13.7,4
256F12,Ile,-24,154,-9,-4.74,-3,-1.5,13.7,4.5
256D9,Tyr,-7,104,-3.2,-5.1,-2,1.5,13.7,3.5
256D11,Tyr,-7,104,-3.2,-5.1,-2,1.5,13.7,3.4
256D10,Tyr,-7,104,-3.2,-5.1,-2,1.5,13.7,3.6
256C6,Ile,-24,154,-9,-4.74,-3,-1.5,13.7,4.7
256B5,Leu,-24,155,-8.3,-4.78,-3,-1.5,13.7,3.8
256B4,Asn,-52,27,-1,-5.35,-1,-1.5,13.7,4.4
256B11,Met,-24,129,-6.4,-5.02,-2,-1.5,13.7,4.9
256B10,His,-30,24,-1.3,-3.17,-1,0.5,13.7,4.4
256A4,Val,-49,131,-8.7,-4.8,-3,-1.5,13.7,3.9
256A3,Val,-49,131,-8.7,-4.8,-3,-1.5,13.7,3.4
254H7,Thr,-6,-63,4.9,-0.36,1,0,9.1,5.6
254H6,Cys,-13,-13,1.7,-0.89,1,0,9.1,5.3
254H4,Asn,-3,-104,7.7,-0.55,2,0,9.1,5
254H2,Leu,25,24,0.4,0.02,0,0,9.1,2.3
254H11,Lys,36,-99,8.1,3.64,1,0,9.1,1.9
254H1,Thr,-6,-63,4.9,-0.36,1,0,9.1,6.5
254G9,Thr,-6,-63,4.9,-0.36,1,0,9.1,6
254G6,Trp,64,21,5.1,-0.07,1,4,9.1,4.1
254G4,Cys,-13,-13,1.7,-0.89,1,0,9.1,5.3
254G2,Asp,-8,-90,7.7,-3.19,2,0,9.1,4.8
254G12,Asn,-3,-104,7.7,-0.55,2,0,9.1,5.3
254F9,Asp,-8,-90,7.7,-3.19,2,0,9.1,4.9
254F4,Trp,64,21,5.1,-0.07,1,4,9.1,4.3
254F2,Lys,36,-99,8.1,3.64,1,0,9.1,1.8
254F11,Met,25,-2,2.3,-0.22,1,0,9.1,4.8
254F11,Leu,25,24,0.4,0.02,0,0,9.1,2.4
254F10,Asp,-8,-90,7.7,-3.19,2,0,9.1,5.3
254F1,Ala,-32,-35,2.4,0.04,0,0,9.1,5.1
254D9,Gln,15,-86,7.7,-0.31,2,0,9.1,6.3
254D6,Ala,-32,-35,2.4,0.04,0,0,9.1,4.6
254D6,Leu,25,24,0.4,0.02,0,0,9.1,2.4
254D4,Phe,36,21,1.4,-0.48,0,3,9.1,2.8
254D12,Ala,-32,-35,2.4,0.04,0,0,9.1,4.9
254D1,Ile,25,23,-0.3,0.06,0,0,9.1,4.6
254C9,Phe,36,21,1.4,-0.48,0,3,9.1,2.9
254C8,Tyr,42,-27,5.5,-0.3,1,3,9.1,3.3
254C8,Phe,36,21,1.4,-0.48,0,3,9.1,3.1
254C7,Ser,-26,-81,5,-0.28,1,0,9.1,4.5
254C5,His,19,-107,7.4,1.63,2,2,9.1,4
254C4,Ser,-26,-81,5,-0.28,1,0,9.1,4.4
254C3,Phe,36,21,1.4,-0.48,0,3,9.1,2.5
254C2,His,19,-107,7.4,1.63,2,2,9.1,3.6
254C11,Gln,15,-86,7.7,-0.31,2,0,9.1,5.9
254C1,Met,25,-2,2.3,-0.22,1,0,9.1,4.7
254B9,Tyr,42,-27,5.5,-0.3,1,3,9.1,3.6
254B7,Tyr,42,-27,5.5,-0.3,1,3,9.1,3.3
254B7,Phe,36,21,1.4,-0.48,0,3,9.1,3.1
254B6,Met,25,-2,2.3,-0.22,1,0,9.1,4.4
254B4,Gln,15,-86,7.7,-0.31,2,0,9.1,6.2
254B12,Cys,-13,-13,1.7,-0.89,1,0,9.1,4.9
254B11,Met,6.2,-2,2.3,-0.22,1,0,9.1,4.9
254B11,Phe,36,21,1.4,-0.48,0,3,9.1,2.5
254A9,Phe,36,21,1.4,-0.48,0,3,9.1,2.7
254A8,Ser,-26,-81,5,-0.28,1,0,9.1,4.5
254A7,Ile,25,23,-0.3,0.06,0,0,9.1,4.7
254A7,Ser,-26,-81,5,-0.28,1,0,9.1,4.6
254A4,Cys,-13,-13,1.7,-0.89,1,0,9.1,5
254A2,Ser,-26,-81,5,-0.28,1,0,9.1,4.4
254A11,Trp,64,21,5.1,-0.07,1,4,9.1,4.5
254A10,His,19,-107,7.4,1.63,2,2,9.1,4.3
254A1,Cys,-13,-13,1.7,-0.89,1,0,9.1,5.3
253H8,Asn,5,-14,0,2.64,0,0,9.9,5.2
253H12,Ala,-24,55,-5.3,3.23,-2,0,9.9,8.4
253H10,Met,33,88,-5.4,2.97,-1,0,9.9,7
253G5,Ala,-24,55,-5.3,3.23,-2,0,9.9,8.4
253G4,Met,33,88,-5.4,2.97,-1,0,9.9,7.4
253F9,Ala,-24,55,-5.3,3.23,-2,0,9.9,8
253F8,Gln,23,4,0,2.88,0,0,9.9,5.1
253F5,Asn,5,-14,0,2.64,0,0,9.9,4.9
253F4,Met,33,114,-7.3,3.21,-2,0,9.9,5.9
253D8,Cys,-5,77,-6,2.3,-1,0,9.9,5.9
253D6,His,27,-17,-0.3,4.82,0,2,9.9,8
253D4,His,27,-17,-0.3,4.82,0,2,9.9,8.2
253D3,His,27,-17,-0.3,4.82,0,2,9.9,7.7
253D12,Met,33,113,-8,3.25,-2,0,9.9,5.8
253C8,Thr,2,27,-2.8,2.83,-1,0,9.9,5.1
253C12,Phe,44,111,-6.3,2.71,-2,3,9.9,6
253B9,Cys,-5,77,-6,2.3,-1,0,9.9,5.7
253B8,Trp,72,111,-2.6,3.12,-1,4,9.9,5.3
253B7,Glu,18,22,0,0.45,0,0,9.9,5.3
253B12,Cys,-5,77,-6,2.3,-1,0,9.9,6.3
253B1,Trp,72,111,-2.6,3.12,-1,4,9.9,5.6
253A7,Glu,18,22,0,0.45,0,0,9.9,4.9
253A6,Trp,72,111,-2.6,3.12,-1,4,9.9,5
253A4,Thr,2,27,-2.8,2.83,-1,0,9.9,5
253A3,Phe,44,111,-6.3,2.71,-2,3,9.9,5.8
253A10,Phe,44,111,-6.3,2.71,-2,3,9.9,6.4
250H9,Asp,-2,-27,2.8,-2.83,1,0,10.9,4.1
250H12,Phe,42,84,-3.5,-0.12,-1,3,10.9,4.2
250H10,Gly,-45,-13,-0.3,0.46,-1,0,10.9,3.7
250H1,Phe,42,84,-3.5,-0.12,-1,3,10.9,4.4
250G9,Tyr,48,36,0.6,0.06,0,3,10.9,5
250G5,Arg,55,-68,3.8,5.16,2,1.5,10.9,3.4
250G12,Ser,-20,-18,0.1,0.08,0,0,10.9,3.5
250G10,Asp,-2,-27,2.8,-2.83,1,0,10.9,4.1
250G1,Lys,42,-36,3.2,4,0,0,10.9,3.8
250F8,Lys,42,-36,3.2,4,0,0,10.9,3.3
250F4,Gly,-45,-13,-0.3,0.46,-1,0,10.9,3.5
250F2,Leu,31,87,-4.5,0.38,-1,0,10.9,3.6
250F1,Phe,42,84,-3.5,-0.12,-1,3,10.9,4.7
250D9,Leu,31,87,-4.5,0.38,-1,0,10.9,3.3
250D7,Tyr,48,36,0.6,0.06,0,3,10.9,4.7
250D6,Glu,16,-5,2.8,-2.38,1,0,10.9,5.2
250D5,Leu,31,87,-4.5,0.38,-1,0,10.9,3.3
250D4,Leu,31,87,-4.5,0.38,-1,0,10.9,3.4
250D2,Leu,31,87,-4.5,0.38,-1,0,10.9,3.6
250D11,Ile,31,86,-5.2,0.42,-1,0,10.9,4.2
250D11,Leu,31,87,-4.5,0.38,-1,0,10.9,3.2
250C9,Asn,3,-41,2.8,-0.19,1,0,10.9,4.1
250C7,Gly,-45,-13,-0.3,0.46,-1,0,10.9,3.8
250C6,Leu,31,87,-4.5,0.38,-1,0,10.9,3.3
250C5,Val,6,63,-4.9,0.36,-1,0,10.9,3.6
250C3,Lys,42,-36,3.2,4,0,0,10.9,3.9
250C11,Asn,3,-41,2.8,-0.19,1,0,10.9,4.2
250C10,Trp,70,84,0.2,0.29,0,4,10.9,3.9
250C1,Phe,42,84,-3.5,-0.12,-1,3,10.9,4.1
250B8,Leu,31,87,-4.5,0.38,-1,0,10.9,3
250B5,Trp,70,84,0.2,0.29,0,4,10.9,3.4
250B4,Leu,31,87,-4.5,0.38,-1,0,10.9,3.9
250B2,Asn,3,-41,2.8,-0.19,1,0,10.9,4.2
250B11,Ile,31,86,-5.2,0.42,-1,0,10.9,4.2
250B10,Trp,70,84,0.2,0.29,0,4,10.9,3.7
250B1,Trp,70,84,0.2,0.29,0,4,10.9,3.9
250A9,Asn,3,-41,2.8,-0.19,1,0,10.9,4.3
250A6,Gln,21,-23,2.8,0.05,1,0,10.9,3.1
250A5,Val,6,63,-4.9,0.36,-1,0,10.9,3.5
250A4,Val,6,63,-4.9,0.36,-1,0,10.9,3.2
250A3,Ala,-26,28,-2.5,0.4,-1,0,10.9,3.5
250A2,Glu,16,-5,2.8,-2.38,1,0,10.9,5.3
250A11,Ser,-20,-18,0.1,0.08,0,0,10.9,3.5
249H5,Cys,-38,-37,1.3,-0.91,1,0,8,1.3
249H11,Cys,-38,-37,1.3,-0.91,1,0,8,1.3
249G7,Pro,-34,-132,5.4,0.32,0,0,8,1.6
249G6,Met,0,-26,1.9,-0.24,1,0,8,1.4
249G4,Ala,-57,-59,2,0.02,0,0,8,1.1
249G12,Ala,-57,-59,2,0.02,0,0,8,1.1
249G10,Cys,-38,-37,1.3,-0.91,1,0,8,1.2
249G1,Ala,-57,-59,2,0.02,0,0,8,1
249F8,Ile,0,-1,-0.7,0.04,0,0,8,1.2
249F4,Met,0,-26,1.9,-0.24,1,0,8,1.7
249F3,Ile,0,-1,-0.7,0.04,0,0,8,1.1
249D6,His,-6,-131,7,1.61,2,2,8,1.4
249D3,Phe,11,-3,1,-0.5,0,3,8,1.4
249C9,Val,-25,-24,-0.4,-0.02,0,0,8,1.7
249C9,Phe,42,84,-3.5,-0.12,-1,3,12,1.6
249B9,Val,-25,-24,-0.4,-0.02,0,0,8,1.3
249B7,Val,-25,-24,-0.4,-0.02,0,0,8,1.7
249A9,Val,-25,-24,-0.4,-0.02,0,0,8,1.5
248H5,Met,31,61,-2.6,0.14,0,0,12,1.5
248H4,T248,26,81,-5,0.28,-1,0,11.9,3.9
248H2,Pro,-3,-45,0.9,0.7,-1,0,12,1.3
248H12,T248,26,81,-5,0.28,-1,0,11.9,4
248H10,T248,20,18,-0.1,-0.08,0,0,11.9,5
248G9,T248,-6,46,-2.6,0.32,-1,0,11.9,4.7
248G5,Leu,31,87,-4.5,0.38,-1,0,12,2
248G4,T248,-6,46,-2.6,0.32,-1,0,11.9,4.2
248G2,T248,26,81,-5,0.28,-1,0,11.9,3.9
248G12,Ser,-20,-18,0.1,0.08,0,0,12,3.2
248G11,T248,20,18,-0.1,-0.08,0,0,11.9,4.8
248G1,Leu,31,87,-4.5,0.38,-1,0,12,1.9
248F8,Phe,42,84,-3.5,-0.12,-1,3,12,1.7
248F6,T248,-6,46,-2.6,0.32,-1,0,11.9,4.6
248F4,Met,31,61,-2.6,0.14,0,0,12,1.6
248F3,Ser,-20,-18,0.1,0.08,0,0,12,3.3
248F12,Asp,-2,-27,2.8,-2.83,1,0,12,2.2
248F11,Phe,42,84,-3.5,-0.12,-1,3,12,1.8
248F1,Pro,-3,-45,0.9,0.7,-1,0,12,1.2
248D9,T248,13,68,-3.3,-0.61,0,0,11.9,3.9
248D8,Tyr,48,36,0.6,0.06,0,3,12,1.8
248D7,T248,26,81,-5,0.28,-1,0,11.9,4.1
248D5,Tyr,48,36,0.6,0.06,0,3,12,1.5
248D4,T248,-25,5,-0.4,0.38,-1,0,11.9,4.2
248D3,Phe,42,84,-3.5,-0.12,-1,3,12,1.6
248D2,T248,20,18,-0.1,-0.08,0,0,11.9,4.6
248D12,Met,31,61,-2.6,0.14,0,0,12,2.2
248D11,T248,-6,46,-2.6,0.32,-1,0,11.9,4
248C8,T248,26,81,-5,0.28,-1,0,11.9,4.3
248C6,Tyr,48,36,0.6,0.06,0,3,12,1.8
248C5,Pro,-3,-45,0.9,0.7,-1,0,12,1.6
248C3,T248,26,81,-5,0.28,-1,0,11.9,4.3
248C11,Trp,70,84,0.2,0.29,0,4,12,1.4
248C1,Tyr,48,36,0.6,0.06,0,3,12,1.4
248B8,T248,26,81,-5,0.28,-1,0,11.9,4.6
248B6,T248,-25,5,-0.4,0.38,-1,0,11.9,4.3
248B5,Tyr,48,36,0.6,0.06,0,3,12,1.6
248B3,Asp,-2,-27,2.8,-2.83,1,0,12,2.1
248B2,T248,75,-50,3.7,5.08,2,1.5,11.9,4
248B12,Gln,21,-23,2.8,0.05,1,0,12,2.7
248B11,T248,-25,5,-0.4,0.38,-1,0,11.9,4
248B10,T248,26,81,-5,0.28,-1,0,11.9,4.2
248B1,Trp,70,84,0.2,0.29,0,4,12,1.3
248A8,Ser,-20,-18,0.1,0.08,0,0,12,3.2
248A6,Asn,3,-41,2.8,-0.19,1,0,12,2.6
248A5,Asn,3,-41,2.8,-0.19,1,0,12,2.6
248A4,Tyr,48,36,0.6,0.06,0,3,12,1.8
248A3,T248,26,81,-5,0.28,-1,0,11.9,4.1
248A2,Asn,3,-41,2.8,-0.19,1,0,12,2.3
248A11,Gln,21,-23,2.8,0.05,1,0,12,2.7
248A10,T248,26,81,-5,0.28,-1,0,11.9,4.8
248A1,T248,75,-50,3.7,5.08,2,1.5,11.9,4
247H9,Ile,0,-1,-0.7,0.04,0,0,13,4.6
247H5,Met,0,-26,1.9,-0.24,1,0,13,4.1
247H3,Val,-25,-24,-0.4,-0.02,0,0,13,3.1
247H2,Glu,-15,-92,7.3,-2.76,2,0,13,3.5
247H1,Tyr,17,-51,5.1,-0.32,1,3,13,3.2
247G9,Phe,11,-3,1,-0.5,0,3,13,2.8
247G6,Val,-25,-24,-0.4,-0.02,0,0,13,3.3
247G2,Thr,-31,-87,4.5,-0.38,1,0,13,3.7
247F8,Pro,-34,-132,5.4,0.32,0,0,13,4.1
247F7,Met,0,-26,1.9,-0.24,1,0,13,3.5
247F6,Glu,-15,-92,7.3,-2.76,2,0,13,5.7
247F5,Thr,-31,-87,4.5,-0.38,1,0,13,3.1
247F4,Thr,-31,-87,4.5,-0.38,1,0,13,5
247F2,Thr,-31,-87,4.5,-0.38,1,0,13,5
247D7,Tyr,17,-51,5.1,-0.32,1,3,13,3.2
247D5,Pro,-34,-132,5.4,0.32,0,0,13,4.1
247D3,Phe,11,-123,7.7,3.62,1,0,13,6
247D10,Phe,11,-123,7.7,3.62,1,0,13,5.9
247D1,Ala,-57,-59,2,0.02,0,0,13,4.3
247C8,Phe,11,-3,1,-0.5,0,3,13,2.7
247C7,Ala,-57,-59,2,0.02,0,0,13,4.6
247C5,Phe,11,-123,7.7,3.62,1,0,13,6.1
247C3,Phe,11,-3,1,-0.5,0,3,13,5.1
247C10,Glu,-15,-92,7.3,-2.76,2,0,13,5.6
247B8,Val,-25,-24,-0.4,-0.02,0,0,13,3.4
247B6,Val,-25,-24,-0.4,-0.02,0,0,13,2.8
247B4,Pro,-34,-132,5.4,0.32,0,0,13,3.7
247B2,Met,0,-26,1.9,-0.24,1,0,13,3.8
247B12,Phe,11,-3,1,-0.5,0,3,13,5.1
247B10,Val,-25,-24,-0.4,-0.02,0,0,13,3.4
247A5,Phe,11,-3,1,-0.5,0,3,13,3.3
247A3,Val,-25,-24,-0.4,-0.02,0,0,13,3.4
247A12,Phe,11,-3,1,-0.5,0,3,13,3.3
247A12,Phe,11,-3,1,-0.5,0,3,13,3.2
230H8,Gly,-51,-76,4.6,0.1,0,0,5.9,2.7
230H7,Trp,64,21,5.1,-0.07,1,4,5.9,7.9
230H5,Pro,-9,-108,5.8,0.34,0,0,5.9,2.3
230H12,Phe,36,21,1.4,-0.48,0,3,5.9,1.9
230G9,Trp,64,21,5.1,-0.07,1,4,5.9,8.8
230G5,Phe,36,21,1.4,-0.48,0,3,5.9,1.5
230G12,Gly,-51,-76,4.6,0.1,0,0,5.9,2.6
230G11,Pro,-9,-108,5.8,0.34,0,0,5.9,2.2
230G1,His,19,-107,7.4,1.63,2,2,5.9,1.7
230D3,Cys,-13,-13,1.7,-0.89,1,0,5.9,2.9
230C2,Met,25,-2,2.3,-0.22,1,0,5.9,1.6
230C10,Cys,-13,-13,1.7,-0.89,1,0,5.9,2.8
230B7,Lys,36,-99,8.1,3.64,1,0,5.9,1.3
230B4,Pro,-9,-108,5.8,0.34,0,0,5.9,2
230B3,Lys,36,-99,8.1,3.64,1,0,5.9,1
230B2,Ala,-32,-35,2.4,0.04,0,0,5.9,3.9
230B1,Tyr,42,-27,5.5,-0.3,1,3,5.9,1.7
230A9,Met,25,-2,2.3,-0.22,1,0,5.9,1.6
230A7,Trp,64,21,5.1,-0.07,1,4,5.9,8.1
230A6,Met,25,-2,2.3,-0.22,1,0,5.9,1.6
230A5,Tyr,42,-27,5.5,-0.3,1,3,5.9,2.3
230A3,Glu,10,-68,7.7,-2.74,2,0,5.9,2.7
230A2,Ala,-32,-35,2.4,0.04,0,0,5.9,3.9
230A12,Lys,36,-99,8.1,3.64,1,0,5.9,1.2
230A10,Phe,36,21,1.4,-0.48,0,3,5.9,1.8
228H8,Cys,-55,14,-3.8,-0.59,0,-3,6.8,7.6
228H5,Cys,-55,14,-3.8,-0.59,0,-3,6.8,7.4
228H3,Cys,-55,14,-3.8,-0.59,0,-3,6.8,8.2
228H12,Thr,-48,-36,-0.6,-0.06,0,-3,6.8,5.8
228H10,Thr,-48,-36,-0.6,-0.06,0,-3,6.8,5.8
228G8,Cys,-55,14,-3.8,-0.59,0,-3,6.8,7.6
228G7,Ala,-74,-8,-3.1,0.34,-1,-3,6.8,7.7
228G3,Cys,-55,14,-3.8,-0.59,0,-3,6.8,7.4
228G12,Ser,-68,-54,-0.5,0.02,0,-3,6.8,6.5
228G10,Cys,-55,14,-3.8,-0.59,0,-3,6.8,8.1
228F5,Cys,-55,14,-3.8,-0.59,0,-3,6.8,7.8
228F10,Cys,-55,14,-3.8,-0.59,0,-3,6.8,8.3
228D9,Cys,-55,14,-3.8,-0.59,0,-3,6.8,8.1
228D7,His,-23,-80,1.9,1.93,1,-1,6.8,5.2
228D6,His,-23,-80,1.9,1.93,1,-1,6.8,5.8
228D5,Ala,-74,-8,-3.1,0.34,-1,-3,6.8,7.4
228C5,Ala,-74,-8,-3.1,0.34,-1,-3,6.8,7.2
228C3,Met,-17,25,-3.2,0.08,0,-3,6.8,7.6
228C11,Cys,-55,14,-3.8,-0.59,0,-3,6.8,8.1
228C1,Met,-17,25,-3.2,0.08,0,-3,6.8,7.3
228B6,Met,-17,25,-3.2,0.08,0,-3,6.8,7.4
228B3,Met,-17,25,-3.2,0.08,0,-3,6.8,7.9
228B10,Met,-17,25,-3.2,0.08,0,-3,6.8,7.8
228A9,Met,-17,25,-3.2,0.08,0,-3,6.8,7.5
228A8,Ser,-68,-54,-0.5,0.02,0,-3,6.8,6.1
228A7,Ser,-68,-54,-0.5,0.02,0,-3,6.8,5.8
228A6,Phe,-6,48,-4.1,-0.18,-1,0,6.8,5.3
228A5,Thr,-48,-36,-0.6,-0.06,0,-3,6.8,6
228A3,Thr,-48,-36,-0.6,-0.06,0,-3,6.8,5.8
139H9,Ala,-42,33,-5.3,2.78,-2,0,12.4,3.7
139H6,Cys,-23,55,-6,1.85,-1,0,12.4,3.6
139H6,Ala,-51,72,-5,-1.59,-2,-2,12.4,3.5
139H5,Cys,-23,55,-6,1.85,-1,0,12.4,3.6
139H2,Ser,-36,-13,-2.7,2.46,-1,0,12.4,4
139H12,Ser,-36,-13,-2.7,2.46,-1,0,12.4,3.6
139H11,Tyr,23,80,-1.9,-1.93,-1,1,12.4,3.1
139H10,Ala,-42,33,-5.3,2.78,-2,0,12.4,3.8
139H1,Ser,-36,-13,-2.7,2.46,-1,0,12.4,3.8
139G9,Asp,-18,-22,0,-0.45,0,0,12.4,3.8
139G5,Ala,-51,72,-5,-1.59,-2,-2,12.4,3.3
139G3,Cys,-32,94,-5.7,-2.52,-1,-2,12.4,3.8
139G2,Ala,-42,33,-5.3,2.78,-2,0,12.4,4.1
139G11,Ala,-51,72,-5,-1.59,-2,-2,12.4,3.8
139G10,Ala,-51,72,-5,-1.59,-2,-2,12.4,3.8
139G1,Tyr,23,80,-1.9,-1.93,-1,1,12.4,3.3
139F8,Asp,-18,-22,0,-0.45,0,0,12.4,3.6
139F6,Thr,-25,44,-2.5,-1.99,-1,-2,12.4,3.4
139F5,Cys,-32,94,-5.7,-2.52,-1,-2,12.4,4.1
139F2,Tyr,23,80,-1.9,-1.93,-1,1,12.4,3.1
139D8,Ser,-45,26,-2.4,-1.91,-1,-2,12.4,3.9
139D5,Val,-19,107,-7.4,-1.63,-2,-2,12.4,4.9
139D3,Met,15,66,-5.4,2.52,-1,0,12.4,3.9
139D11,Gln,5,-18,0,2.43,0,0,12.4,3.6
139D10,Tyr,23,80,-1.9,-1.93,-1,1,12.4,3.3
139D1,Ser,-45,26,-2.4,-1.91,-1,-2,12.4,4.1
139C8,Val,-19,107,-7.4,-1.63,-2,-2,12.4,4.1
139C6,Thr,-25,44,-2.5,-1.99,-1,-2,12.4,3.3
139C4,Val,-19,107,-7.4,-1.63,-2,-2,12.4,4.7
139C3,Asp,-18,-22,0,-0.45,0,0,12.4,3.5
139C2,Met,15,66,-5.4,2.52,-1,0,12.4,3.8
139C10,Gly,-70,31,-2.8,-1.53,-2,-2,12.4,3.9
139C1,Asp,-18,-22,0,-0.45,0,0,12.4,3.8
139B8,Tyr,23,80,-1.9,-1.93,-1,1,12.4,3
139B7,Gly,-70,31,-2.8,-1.53,-2,-2,12.4,3.6
139B5,Ser,-45,26,-2.4,-1.91,-1,-2,12.4,3.9
139B4,Met,5,-18,0,2.43,0,0,12.4,3.8
139B3,Val,-19,107,-7.4,-1.63,-2,-2,12.4,4.6
139B11,Asp,-18,-22,0,-0.45,0,0,12.4,3.6
139B10,Ser,-45,26,-2.4,-1.91,-1,-2,12.4,4
139B1,Asp,-18,-22,0,-0.45,0,0,12.4,3.7
139A9,Met,15,66,-5.4,2.52,-1,0,12.4,3.6
139A7,Lys,17,8,0.7,2.01,-1,-2,12.4,4.6
139A5,Ala,-51,72,-5,-1.59,-2,-2,12.4,3.6
139A3,Ser,17,8,0.7,2.01,-1,-2,12.4,4.2
139A11,Val,-19,107,-7.4,-1.63,-2,-2,12.4,4.5
133H8,Leu,25,24,0.4,0.02,0,0,10.2,5.2
133H7,Ala,-32,-35,2.4,0.04,0,0,10.2,5.5
133H5,Ala,-32,-35,2.4,0.04,0,0,10.2,6
133H10,Ala,-32,-35,2.4,0.04,0,0,10.2,5.7
133G8,Leu,25,24,0.4,0.02,0,0,10.2,5.2
133G7,Leu,25,24,0.4,0.02,0,0,10.2,5.7
133G6,Met,25,-2,2.3,-0.22,1,0,10.2,6.3
133G12,Ala,-32,-35,2.4,0.04,0,0,10.2,5.5
133F9,Leu,25,24,0.4,0.02,0,0,10.2,5.2
133F7,Met,25,-2,2.3,-0.22,1,0,10.2,6.9
133D9,Gly,-51,-76,4.6,0.1,0,0,10.2,6.3
133D7,His,19,-107,7.4,1.63,2,2,10.2,6.3
133D6,His,19,-107,7.4,1.63,2,2,10.2,6.5
133D4,Lys,36,-99,8.1,3.64,1,0,10.2,5.4
133C7,Met,25,-2,2.3,-0.22,1,0,10.2,6.6
133C6,Met,25,-2,2.3,-0.22,1,0,10.2,6.4
133C4,Met,25,-2,2.3,-0.22,1,0,10.2,6.5
133C10,Gly,-51,-76,4.6,0.1,0,0,10.2,6.9
133B9,Gln,15,-86,7.7,-0.31,2,0,10.2,6.8
133B6,Gln,15,-86,7.7,-0.31,2,0,10.2,7.6
133B2,Gln,15,-86,7.7,-0.31,2,0,10.2,7.1
133B10,Met,25,-2,2.3,-0.22,1,0,10.2,6.2
133A9,Ser,-26,-81,5,-0.28,1,0,10.2,7.5
133A8,Thre,-6,-63,4.9,-0.36,1,0,10.2,5.1
133A5,Thre,-6,-63,4.9,-0.36,1,0,10.2,4.8
133A3,Ser,-26,-81,5,-0.28,1,0,10.2,7.4
133A2,Thr,-6,-63,4.9,-0.36,1,0,10.2,5.2
133A11,Ser,-26,-81,5,-0.28,1,0,10.2,7.3
3.29E+14,Ser,-23,23,-2.7,0.27,-1,0,11,3.5
2.97E+14,Tyr,17,-51,5.1,-0.32,1,3,8.4,2.8
2.53E+14,Thr,2,27,-2.8,2.83,-1,0,9.9,5.5
2.5E+14,His,25,-44,2.5,1.99,1,2,10.9,3.7
2.28E+14,Phe,-6,48,-4.1,-0.18,-1,0,6.8,6
7.8E+13,Met,-11,-23,0.9,0.26,1,-3,13,5.1
6.6E+13,Ser,-62,-102,3.6,0.2,1,-3,11.1,4.1
3.29E+13,Lys,39,5,0.4,4.19,-1,0,11,2.3
2.97E+13,Phe,11,-3,1,-0.5,0,3,8.4,0.9
2.56E+13,Val,-49,131,-8.7,-4.8,-3,-1.5,13.7,2.9
2.54E+13,Lys,36,-99,8.1,3.64,1,0,9.1,1.9
2.49E+13,Ile,0,-1,-0.7,0.04,0,0,8,1.2
7.8E+12,Leu,-11,3,-1,0.5,0,-3,13,4.2
6.6E+12,Ala,-68,-56,1,0.52,0,-3,11.1,5
2.56E+12,Val,-49,131,-8.7,-4.8,-3,-1.5,13.7,3.7
2.48E+12,T248,26,81,-5,0.28,-1,0,11.9,4.1
2.47E+12,Glu,-15,-92,7.3,-2.76,2,0,13,3.5
2.30E+12,Glu,10,-68,7.7,-2.74,2,0,5.9,3.3
1.39E+12,Ser,-45,26,-2.4,-1.91,-1,-2,12.4,4.6
7.8E+11,Leu,-11,3,-1,0.5,0,-3,13,4.6
6.6E+11,Tyr,6,-48,4.1,0.18,1,0,11.1,3.3
3.28E+11,Cys,-13,-13,1.7,-0.89,1,0,10.9,4.8
2.97E+11,Met,0,-26,1.9,-0.24,1,0,8.4,3.2
2.58E+11,Ile,31,86,-5.2,0.42,-1,0,11.8,2.6
2.56E+11,Val,-49,131,-8.7,-4.8,-3,-1.5,13.7,3.7
2.53E+11,Gln,23,4,0,2.88,0,0,9.9,5.6
2.48E+11,T248,-6,46,-2.6,0.32,-1,0,11.9,4.4
66000000000,Tyr,6,-48,4.1,0.18,1,0,11.1,3.4
32800000000,Arg,52,-27,1,5.35,1,1.5,11,3.4
29700000000,Cys,-38,-37,1.3,-0.91,1,0,8.4,4.2
29600000000,Gln,-10,-110,7.3,-0.33,2,0,10.3,4.1
25800000000,Phe,42,84,-3.5,-0.12,-1,3,11.8,3.3
24900000000,Ile,0,-1,-0.7,0.04,0,0,8,1.2
2.30E+10,Pro,-9,-108,5.8,0.34,0,0,5.9,2.2
22800000000,Phe,-6,48,-4.1,-0.18,-1,0,6.8,5.7
1.39E+10,Cys,-45,26,-2.4,-1.91,-1,-2,12.4,3.8
7800000000,Leu,-11,3,-1,0.5,0,-3,13,4.7
3290000000,Gln,18,18,0,0.24,0,0,11,3.1
2970000000,Phe,11,-2,1.7,-0.54,0,3,8.4,3.6
2580000000,Val,6,63,-4.9,0.36,-1,0,11.8,2.3
2500000000,Lys,42,-36,3.2,4,0,0,10.9,3.2
2480000000,Asn,3,-41,2.8,-0.19,1,0,12,2.7
1.39E+09,Gly,-70,31,-2.8,-1.53,-2,-2,12.4,3.2
780000000,Val,-36,-21,-1.4,0.48,0,-3,13,3.4
329000000,Ile,28,127,-8,0.61,-2,0,11,3.4
328000000,Cys,-13,-13,1.7,-0.89,1,0,10.9,5
297000000,Met,0,-25,2.6,-0.28,1,0,8.4,3.1
2.58E+08,Arg,55,-68,3.8,5.16,2,1.5,11.8,2.2
256000000,Val,-49,131,-8.7,-4.8,-3,-1.5,13.7,4.1
250000000,Ile,31,86,-5.2,0.42,-1,0,10.9,4.2
248000000,Phe,42,84,-3.5,-0.12,-1,3,12,1.3
247000000,Pro,-34,-132,5.4,0.32,0,0,13,5.8
139000000,Thr,-25,44,-2.5,-1.99,-1,-2,12.4,3.4
133000000,Lys,36,-99,8.1,3.64,1,0,10.2,5.1
78000000,Tyr,6,-48,4.1,0.18,1,0,13,4
2.58E+07,Arg,55,-68,3.8,5.16,2,1.5,11.8,2.2
25600000,Val,-49,131,-8.7,-4.8,-3,-1.5,13.7,3.2
25400000,Leu,25,24,0.4,0.02,0,0,9.1,2.3
25300000,Gln,23,4,0,2.88,0,0,9.9,5.2
25000000,Leu,31,87,-4.5,0.38,-1,0,10.9,3.5
7800000,Val,-36,-21,-1.4,0.48,0,-3,13,3.1
2970000,Asn,-28,-128,7.3,-0.57,2,0,8.4,4.5
2580000,Ile,31,86,-5.2,0.42,-1,0,11.8,3
2560000,Asn,-52,27,-1,-5.35,-1,-1.5,13.7,4
2540000,Ser,-26,-81,5,-0.28,1,0,9.1,4
2540000,Phe,36,21,1.4,-0.48,0,3,9.1,2.8
2490000,Ile,0,-1,-0.7,0.04,0,0,8,1
2480000,T248,13,68,-3.3,-0.61,0,0,11.9,3.9
2.30E+06,His,19,-107,7.4,1.63,2,2,5.9,2.3
297000,Phe,11,-2,1.7,-0.54,0,3,8.4,3.8
296000,Met,0,-25,2.6,-0.28,1,0,10.3,5.6
2.58E+05,Glu,16,-5,2.8,-2.38,1,0,11.8,3.4
249000,Met,0,-26,1.9,-0.24,1,0,8,1.7
248000,Phe,42,84,-3.5,-0.12,-1,3,12,1.6
2.30E+05,Pro,-9,-108,5.8,0.34,0,0,5.9,1.9
228000,His,-23,-80,1.9,1.93,1,-1,6.8,6.2
139000,Ser,-45,26,-2.4,-1.91,-1,-2,12.4,4.1
2.58E+04,Glu,16,-5,2.8,-2.38,1,0,11.8,3.4
25600,Trp,15,152,-3.6,-4.87,-2,2.5,13.7,4.2
25300,Asn,5,-14,0,2.64,0,0,9.9,4.5
13300,Lys,36,-99,8.1,3.64,1,0,10.2,5
2970,Leu,0,1,0.7,-0.04,0,0,8.4,4.4
2580,Gln,21,-23,2.8,0.05,1,0,11.8,2.5
2470,Pro,-34,-132,5.4,0.32,0,0,13,5.1
780,Trp,28,0,3.7,0.41,1,1,13,4.1
660,Leu,-11,3,-1,0.5,0,-3,11.1,4.4
V257M/V133S,,-1,-83,7.3,-0.5,2,0,20,13.6
V257M/V254Q,,40,-88,10,-0.53,3,0,18.9,11.8
V257M/Y228M,,8,23,-0.9,-0.14,1,-3,16.6,9.2
V257M/D253H,,52,-19,2,4.6,1,2,19.7,9
V257M/L297I,,25,-3,1.6,-0.18,1,0,18.2,11.2
V257M/V230W,,89,19,7.4,-0.29,2,4,15.7,6.3
I82M/V133S,,-26,-106,7.6,-0.56,2,0,25.3,8.7
I82M/Y228M,,-17,0,-0.6,-0.2,1,-3,21.9,12.3
I82M/V230F,,36,-4,4,-0.76,1,3,21,8.9
I82M/V230W,,64,-4,7.7,-0.35,2,4,21,10.5
I82M/D253H,,27,-42,2.3,4.54,1,2,25,7.9
I82M/V254Q,,15,-111,10.3,-0.59,3,0,24.2,11.2
I82M/V257M,,25,-27,4.9,-0.5,2,0,30.2,8.7
I82M/L297I,,0,-26,1.9,-0.24,1,0,23.5,11.7
V133S/Y228M,,-43,-56,1.8,-0.2,1,-3,17,10.9
V133S/V230F,,10,-60,6.4,-0.76,1,3,16.1,7.8
V133S/V230W,,38,-60,10.1,-0.35,2,4,16.1,9.7
V133S/D253H,,1,-98,4.7,4.54,1,2,20.1,8
V133S/D253A,,-50,-26,-0.3,2.95,-1,0,20.1,8.4
V133S/V254Q,,-11,-167,12.7,-0.59,3,0,19.3,10.8
V133S/V257M,,-1,-83,7.3,-0.5,2,0,20,13.2
Y228M/V230F,,19,46,-1.8,-0.4,0,0,12.7,8.5
Y228M/V230W,,47,46,1.9,0.01,1,1,12.7,10
Y228M/D253H,,10,8,-3.5,4.9,0,-1,16.7,7.8
Y228M/D253A,,-41,80,-8.5,3.31,-2,-3,16.7,7.9
Y228M/V254Q,,-2,-61,4.5,-0.23,2,-3,15.9,9.8
V230F/D253H,,63,4,1.1,4.34,0,5,15.8,9
V230F/D253A,,12,76,-3.9,2.75,-2,3,15.8,8.1
V230F/V254Q,,51,-65,9.1,-0.79,2,3,15,6.5
V230F/V257M,,61,19,3.7,-0.7,1,3,15.7,8.2
V230W/D253H,,91,4,4.8,4.75,1,6,15.8,8.8
V230W/D253A,,40,76,-0.2,3.16,-1,4,15.8,9.1
V230W/V257M,,89,19,7.4,-0.29,2,4,15.7,6.3
D253H/V257M,,52,-19,2,4.6,1,2,19.7,8.9
D253A/V257M,,1,53,-3,3.01,-1,0,19.7,8.3
V254Q/V257M,,40,-88,10,-0.53,3,0,18.9,11.8
V254Q/L297I,,15,-87,7,-0.27,2,0,17.5,10.1
V257M/L297I,,25,-3,1.6,-0.18,1,0,18.2,11.2
I82M/V133S,,-26,-106,7.6,-0.56,2,0,25.3,8.7
I82M/Y228M,,-17,0,-0.6,-0.2,1,-3,21.9,12.5
I82M/V230F,,36,-4,4,-0.76,1,3,21,8.9
I82M/V230W,,64,-4,7.7,-0.35,2,4,21,10.5
I82M/D253H,,27,-42,2.3,4.54,1,2,25,7.1
I82M/V254Q,,64,-4,7.7,-0.35,2,4,21,10.2
I82M/L297I,,0,-26,1.9,-0.24,1,0,23.5,11.7
V133S/Y228M,,-43,-56,1.8,-0.2,1,-3,17,10.9
V133S/V230F,,10,-60,6.4,-0.76,1,3,16.1,7.8
V133S/V230W,,38,-60,10.1,-0.35,2,4,16.1,9.7
V133S/D253H,,1,-98,4.7,4.54,1,2,20.1,8.5
V133S/D253A,,-50,-26,-0.3,2.95,-1,0,20.1,8.4
V133S/V254Q,,-11,-167,12.7,-0.59,3,0,19.3,11.2
V133S/V257M,,-1,-83,7.3,-0.5,2,0,20,13.2
Y228M/V230F,,19,46,-1.8,-0.4,0,0,12.7,8.5
Y228M/V230W,,47,46,1.9,0.01,1,1,12.7,10
Y228M/D253H,,10,8,-3.5,4.9,0,-1,16.7,7.8
Y228M/D253A,,-41,80,-8.5,3.31,-2,-3,16.7,7.9
Y228M/V254Q,,-2,-61,4.5,-0.23,2,-3,15.9,9.8
V230F/D253H,,63,4,1.1,4.34,0,5,15.8,8.1
V230F/D253A,,12,76,-3.9,2.75,-2,3,15.8,7.7
V230F/V254Q,,51,-65,9.1,-0.79,2,3,15,7.2
V230F/V267M,,61,19,3.7,-0.7,1,3,15.7,8.8
V230W/D253H,,91,4,4.8,4.75,1,6,15.8,9.1
V230W/D253A,,40,76,-0.2,3.16,-1,4,15.8,8.9
V230W/V254Q,,79,-65,12.8,-0.38,3,4,15,7.3
V230W/V267M,,89,19,7.4,-0.29,2,4,15.7,5.5
D253H/V254Q,,42,-103,7.4,4.51,2,2,19,8.9
D253H/V267M,,52,-19,2,4.6,1,2,19.7,8.8
V254Q/V267M,,40,-88,10,-0.53,3,0,18.9,11.2
V254Q/L297I,,15,-87,7,-0.27,2,0,17.1,10.2
L297F/L249A,,-46,-62,3,-0.48,0,3,16.4,0.4
L297F/L249I,,11,-4,0.3,-0.46,0,3,16.4,0.3
L297F/L249M,,11,-29,2.9,-0.74,1,3,16.4,0.5
L297F/T248W,,81,81,1.2,-0.21,0,7,20.4,0.6
L297F/N329F,,50,122,-5.3,-0.43,-2,6,19.4,0.7
L297F/V254K,,47,-102,9.1,3.14,1,3,17.5,0.4
L297F/L249C,,-27,-40,-2.8,-1.41,1,3,16.4,0.6
L297F/N329K,,50,2,1.4,3.69,-1,3,19.4,0.7
L297F/V254L,,36,21,1.4,-0.48,0,3,17.5,0.7
L297F/L247F,,22,-6,2,-1,0,6,21.4,0.5
L297F/T258A,,-15,25,-1.5,-0.1,-1,3,20.2,0.5
L297F/T248Y,,59,33,1.6,-0.44,0,6,20.4,0.5
L297F/T258Q,,32,-26,3.8,-0.45,1,3,20.2,0.8
L297F/V254F,,47,18,2.4,-0.98,0,6,17.5,0.6
L297F/T258M,,42,58,-1.6,-0.36,0,3,20.2,0.6
L297F/T258V,,17,60,-3.9,-0.14,-1,3,20.2,0.9
L297F/L247F,,22,-6,2,-1,0,6,21.4,0.5
L297F/T248W,,81,81,1.2,-0.21,0,7,20.4,0.5
L297F/L249A,,-46,-62,3,-0.48,0,3,16.4,0.3
L297F/L249I,,11,-29,2.9,-0.74,1,3,16.4,0.3
L297F/V254K,,47,-102,9.1,3.14,1,3,17.5,0.4
L297F/T258A,,-15,25,-1.5,-0.1,-1,3,20.2,0.8
L297F/N329F,,50,122,-5.3,-0.43,-2,6,19.4,0.6
